{"l_pix": 0.12358973175287247, "_timestamp": 1675417874.1087294, "_runtime": 1378.6517114639282, "_step": 134, "epoch": 41}