{"l_pix": 0.11134866625070572, "_timestamp": 1675414630.0359368, "_runtime": 9558.904966831207, "_step": 294, "epoch": 91, "validation/val_psnr": 60.22489254971374, "validation/val_step": 0}