{"l_pix": 0.09261113405227661, "_timestamp": 1675301328.5147738, "_runtime": 2950.301694869995, "_step": 289, "epoch": 89, "_wandb": {"runtime": 2981}}