{"l_pix": 0.08983699977397919, "_timestamp": 1674788929.635458, "_runtime": 2975.1560668945312, "_step": 289, "epoch": 89, "_wandb": {"runtime": 3011}}