{"l_pix": 0.16372551023960114, "_timestamp": 1675417212.131385, "_runtime": 716.6743671894073, "_step": 68, "epoch": 20}