{"l_pix": 0.08507516980171204, "_timestamp": 1674806872.1068127, "_runtime": 13054.022959709167, "_step": 291, "epoch": 90, "validation/val_psnr": 59.57671578553162, "validation/val_step": 0, "_wandb": {"runtime": 13053}}