{"l_pix": 0.0912274420261383, "_timestamp": 1674793172.1491983, "_runtime": 2986.839332342148, "_step": 289, "epoch": 89, "_wandb": {"runtime": 3603}}