{"l_pix": 0.08465252071619034, "_timestamp": 1674783451.7895787, "_runtime": 2939.997533559799, "_step": 289, "epoch": 89, "_wandb": {"runtime": 2969}}