{"l_pix": 0.2659350633621216, "_timestamp": 1675405007.6759622, "_runtime": 276.3384952545166, "_step": 25, "epoch": 7, "_wandb": {"runtime": 276}}